{
  "machineName": "H5P.MathDisplay",
  "title": "MathDisplay",
  "description": "Allows to use LaTeX.",
  "license": "MIT",
  "author": "Joubel",
  "majorVersion": 1,
  "minorVersion": 0,
  "patchVersion": 34,
  "runnable": 0,
  "coreApi": {
    "majorVersion": 1,
    "minorVersion": 19
  },
  "preloadedJs": [
    {
      "path": "dist/h5p-math-display.js"
    }
  ],
  "preloadedCss": [
    {
      "path": "h5p-math-display.css"
    }
  ],
  "addTo": {
    "content": {
      "types": [
        {
          "text": {
            "regex": "/\\$\\$.+\\$\\$|\\\\\\[.+\\\\\\]|\\\\\\(.+\\\\\\)/"
          }
        }
      ]
    }
  }
}